PassengerId,Survived,Pclass,Sex,Age,SibSp,Parch,Fare,Embarked
1,0.0,1.0,0.0,0.2711736617240513,0.125,0.0,0.014151057562208049,0.0
2,1.0,0.0,1.0,0.4722292033174164,0.125,0.0,0.13913573538264068,0.5
3,1.0,1.0,1.0,0.32143754712239253,0.0,0.0,0.015468569817999833,0.0
4,1.0,0.0,1.0,0.43453128926866047,0.125,0.0,0.10364429745562033,0.0
5,0.0,1.0,0.0,0.43453128926866047,0.0,0.0,0.015712553569072387,0.0
6,0.0,1.0,0.0,0.32143754712239253,0.0,0.0,0.01650950209357577,1.0
7,0.0,0.0,0.0,0.6732847449107816,0.0,0.0,0.10122885832000206,0.0
8,0.0,1.0,0.0,0.01985423473234481,0.375,0.16666666666666666,0.04113566043083236,0.0
9,1.0,1.0,1.0,0.33400351847197784,0.0,0.3333333333333333,0.021730754366528396,0.0
10,1.0,0.5,1.0,0.17064589092736868,0.125,0.0,0.058694292654020104,0.5
11,1.0,1.0,1.0,0.04498617743151546,0.125,0.16666666666666666,0.03259622914329302,0.0
12,1.0,0.0,1.0,0.7235486303091229,0.0,0.0,0.051822148727810165,0.0
13,0.0,1.0,0.0,0.24604171902488062,0.0,0.0,0.015712553569072387,0.0
14,0.0,1.0,0.0,0.4847951746670017,0.125,0.8333333333333334,0.06104473451835265,0.0
15,0.0,1.0,1.0,0.17064589092736868,0.0,0.0,0.015330377421392339,0.0
16,1.0,0.5,1.0,0.6858507162603669,0.0,0.0,0.03122992013728673,0.0
17,0.0,1.0,0.0,0.01985423473234481,0.5,0.16666666666666666,0.056848213999904744,1.0
18,1.0,0.5,0.0,0.38175420960040213,0.0,0.0,0.025374310111545468,0.0
19,0.0,1.0,1.0,0.38426740387031916,0.125,0.0,0.03513366015444757,0.0
20,1.0,1.0,1.0,0.28072379994973606,0.0,0.0,0.014102260811993537,0.5
21,0.0,0.5,0.0,0.43453128926866047,0.0,0.0,0.050748620223090936,0.0
22,1.0,0.5,0.0,0.42196531791907516,0.0,0.0,0.025374310111545468,0.0
23,1.0,1.0,1.0,0.18321186227695402,0.0,0.0,0.015671954672893913,1.0
24,1.0,0.0,0.0,0.3465694898215632,0.0,0.0,0.06929138530460492,0.0
25,0.0,1.0,1.0,0.09525006282985675,0.375,0.16666666666666666,0.04113566043083236,0.0
26,1.0,1.0,1.0,0.4722292033174164,0.125,0.8333333333333334,0.061264319894317944,0.0
27,0.0,1.0,0.0,0.4183463181703946,0.0,0.0,0.014102260811993537,0.5
28,0.0,0.0,0.0,0.23347574767529528,0.375,0.3333333333333333,0.5133418122566505,0.0
29,1.0,1.0,1.0,0.425664739884393,0.0,0.0,0.01537917417160685,1.0
30,0.0,1.0,0.0,0.4219814023624025,0.0,0.0,0.015411575213749284,0.0
31,0.0,0.0,0.0,0.4973611460165871,0.0,0.0,0.05410739813385612,0.5
32,1.0,0.0,1.0,0.492334757476753,0.125,0.0,0.2859895551532101,0.5
33,1.0,1.0,1.0,0.4697353103794923,0.0,0.0,0.015126992566498259,1.0
34,0.0,0.5,0.0,0.8240764011058055,0.0,0.0,0.020494635090094415,0.0
35,0.0,0.0,0.0,0.3465694898215632,0.125,0.0,0.16038672010106,0.5
36,0.0,0.0,0.0,0.5224930887157577,0.125,0.0,0.10149724044618187,0.0
37,1.0,1.0,0.0,0.4440852877607439,0.0,0.0,0.014110458666029575,0.5
38,0.0,1.0,0.0,0.2586076903744659,0.0,0.0,0.015712553569072387,0.0
39,0.0,1.0,1.0,0.22090977632570996,0.25,0.0,0.03513366015444757,0.0
40,1.0,1.0,1.0,0.17064589092736868,0.125,0.0,0.021942337075458514,0.5
41,0.0,1.0,1.0,0.4973611460165871,0.125,0.0,0.018493968331299484,0.0
42,0.0,0.5,1.0,0.33400351847197784,0.125,0.0,0.04098927018018883,0.0
43,0.0,1.0,0.0,0.3208351525508922,0.0,0.0,0.015411575213749284,0.5
44,1.0,0.5,1.0,0.032420206081930136,0.125,0.3333333333333333,0.08115719346076702,0.5
45,1.0,1.0,1.0,0.23347574767529528,0.0,0.0,0.01537917417160685,1.0
46,0.0,1.0,0.0,0.2961851255089218,0.0,0.0,0.015712553569072387,0.0
47,0.0,1.0,0.0,0.25104401178185476,0.125,0.0,0.030253985132996517,1.0
48,1.0,1.0,1.0,0.32129297242523247,0.0,0.0,0.015126992566498259,1.0
49,0.0,1.0,0.0,0.2772005088152802,0.25,0.0,0.04231498029001666,0.5
50,0.0,1.0,1.0,0.22090977632570996,0.125,0.0,0.034743286152731485,0.0
51,0.0,1.0,0.0,0.08268409148027142,0.5,0.16666666666666666,0.07746484096553544,0.0
52,0.0,1.0,0.0,0.2586076903744659,0.0,0.0,0.01522458606692728,0.0
53,1.0,0.0,1.0,0.610454888162855,0.125,0.0,0.1497654242623688,0.5
54,1.0,0.5,1.0,0.35913546117114853,0.125,0.0,0.050748620223090936,0.0
55,0.0,0.0,0.0,0.8115104297562201,0.0,0.16666666666666666,0.1209753416358076,0.5
56,1.0,0.0,0.0,0.13546117114852976,0.0,0.0,0.06929138530460492,0.0
57,1.0,0.5,1.0,0.2586076903744659,0.0,0.0,0.020494635090094415,0.0
58,0.0,1.0,0.0,0.35285247549635584,0.0,0.0,0.014110458666029575,0.5
59,1.0,0.5,1.0,0.05755214878110078,0.125,0.3333333333333333,0.05416439273810667,0.0
60,0.0,1.0,0.0,0.13294797687861273,0.625,0.3333333333333333,0.09154270340242172,0.0
61,0.0,1.0,0.0,0.2711736617240513,0.0,0.0,0.014110458666029575,0.5
62,1.0,0.0,1.0,0.4722292033174164,0.0,0.0,0.15614960068643363,0.0
63,0.0,0.0,0.0,0.5601910027645137,0.125,0.0,0.16293234896625058,0.0
64,0.0,1.0,0.0,0.04498617743151546,0.375,0.3333333333333333,0.05445717323939373,0.0
65,0.0,0.0,0.0,0.12045740135712492,0.0,0.0,0.05410739813385612,0.5
66,1.0,1.0,0.0,0.32646393566222665,0.125,0.16666666666666666,0.029757819776815374,0.5
67,1.0,0.5,1.0,0.35913546117114853,0.0,0.0,0.020494635090094415,0.0
68,0.0,1.0,0.0,0.23347574767529528,0.0,0.0,0.015923941091001644,0.0
69,1.0,1.0,1.0,0.20834380497612465,0.5,0.3333333333333333,0.015468569817999833,0.0
70,0.0,1.0,0.0,0.32143754712239253,0.25,0.0,0.016908073949327893,0.0
71,0.0,0.5,0.0,0.39683337521990447,0.0,0.0,0.020494635090094415,0.0
72,0.0,1.0,1.0,0.19577783362653933,0.625,0.3333333333333333,0.09154270340242172,0.0
73,0.0,0.5,0.0,0.2586076903744659,0.0,0.0,0.1434624456306609,0.0
74,0.0,1.0,0.0,0.32143754712239253,0.125,0.0,0.028212719478023115,0.5
75,1.0,1.0,0.0,0.39683337521990447,0.0,0.0,0.11027245763075773,0.0
76,0.0,1.0,0.0,0.3088715757728072,0.0,0.0,0.014931805565640218,0.0
77,0.0,1.0,0.0,0.3415431012817291,0.0,0.0,0.015411575213749284,0.0
78,0.0,1.0,0.0,0.330485046494094,0.0,0.0,0.015712553569072387,0.0
79,1.0,0.5,0.0,0.005152048253329982,0.0,0.3333333333333333,0.056604230248832196,0.0
80,1.0,1.0,1.0,0.37170143252073384,0.0,0.0,0.024349578357040744,0.0
81,0.0,1.0,0.0,0.2711736617240513,0.0,0.0,0.017566830077223785,0.0
82,1.0,1.0,0.0,0.35913546117114853,0.0,0.0,0.018542765081513996,0.0
83,1.0,1.0,1.0,0.30816788137723045,0.0,0.0,0.015200187691820024,1.0
84,0.0,0.0,0.0,0.3465694898215632,0.0,0.0,0.09193307740413781,0.0
85,1.0,0.5,1.0,0.20834380497612465,0.0,0.0,0.020494635090094415,0.0
86,1.0,1.0,1.0,0.4093993465694898,0.375,0.0,0.030937139635999665,0.0
87,0.0,1.0,0.0,0.19577783362653933,0.125,0.5,0.06709553154495196,0.0
88,0.0,1.0,0.0,0.2835988941945212,0.0,0.0,0.015712553569072387,0.0
89,1.0,0.0,1.0,0.2837396330736366,0.375,0.3333333333333333,0.5133418122566505,0.0
90,0.0,1.0,0.0,0.2963056044232219,0.0,0.0,0.015712553569072387,0.0
91,0.0,1.0,0.0,0.35913546117114853,0.0,0.0,0.015712553569072387,0.0
92,0.0,1.0,0.0,0.24604171902488062,0.0,0.0,0.015330377421392339,0.0
93,0.0,0.0,0.0,0.572756974114099,0.125,0.0,0.11940564777490723,0.0
94,0.0,1.0,0.0,0.32143754712239253,0.125,0.3333333333333333,0.04015972542654215,0.0
95,0.0,1.0,0.0,0.7361146016587082,0.0,0.0,0.014151057562208049,0.0
96,0.0,1.0,0.0,0.39683337521990447,0.0,0.0,0.015712553569072387,0.0
97,0.0,0.0,0.0,0.8869062578537321,0.0,0.0,0.06764049365134761,0.5
98,1.0,0.0,0.0,0.2837396330736366,0.0,0.16666666666666666,0.12366716556464086,0.5
99,1.0,0.5,1.0,0.42196531791907516,0.0,0.16666666666666666,0.04489301019734967,0.0
100,0.0,0.5,0.0,0.42196531791907516,0.125,0.0,0.050748620223090936,0.0
101,0.0,1.0,1.0,0.3465694898215632,0.0,0.0,0.015411575213749284,0.0
102,0.0,1.0,0.0,0.36416184971098264,0.0,0.0,0.015411575213749284,0.0
103,0.0,0.0,0.0,0.2586076903744659,0.0,0.16666666666666666,0.15085515328815924,0.0
104,0.0,1.0,0.0,0.4093993465694898,0.0,0.0,0.016891873428256675,0.0
105,0.0,1.0,0.0,0.4596632319678311,0.25,0.0,0.015468569817999833,0.0
106,0.0,1.0,0.0,0.3465694898215632,0.0,0.0,0.015411575213749284,0.0
107,1.0,1.0,1.0,0.2586076903744659,0.0,0.0,0.014931805565640218,0.0
108,1.0,1.0,0.0,0.38929379241015327,0.0,0.0,0.015175789316712771,0.0
109,0.0,1.0,0.0,0.4722292033174164,0.0,0.0,0.015411575213749284,0.0
110,1.0,1.0,1.0,0.31766775571751693,0.125,0.0,0.04713766070721715,1.0
111,0.0,0.0,0.0,0.5853229454636844,0.0,0.0,0.10149724044618187,0.0
112,0.0,1.0,1.0,0.17692887660216136,0.125,0.0,0.028212719478023115,0.5
113,0.0,1.0,0.0,0.2711736617240513,0.0,0.0,0.015712553569072387,0.0
114,0.0,1.0,1.0,0.24604171902488062,0.125,0.0,0.019177122834302632,0.0
115,0.0,1.0,1.0,0.20834380497612465,0.0,0.0,0.028220722145058292,0.5
116,0.0,1.0,0.0,0.2586076903744659,0.0,0.0,0.015468569817999833,0.0
117,0.0,1.0,0.0,0.8806232721789394,0.0,0.0,0.015126992566498259,1.0
118,0.0,0.5,0.0,0.35913546117114853,0.125,0.0,0.04098927018018883,0.0
119,0.0,0.0,0.0,0.2963056044232219,0.0,0.16666666666666666,0.4831284260198326,0.5
120,0.0,1.0,1.0,0.01985423473234481,0.5,0.3333333333333333,0.06104473451835265,0.0
121,0.0,0.5,0.0,0.2586076903744659,0.25,0.0,0.1434624456306609,0.0
122,0.0,1.0,0.0,0.39683337521990447,0.0,0.0,0.015712553569072387,0.0
123,0.0,0.5,0.0,0.40311636089469716,0.125,0.0,0.058694292654020104,0.5
124,1.0,0.5,1.0,0.40311636089469716,0.0,0.0,0.025374310111545468,0.0
125,0.0,0.0,0.0,0.6732847449107816,0.0,0.16666666666666666,0.15085515328815924,0.0
126,1.0,1.0,0.0,0.14551394822819805,0.125,0.0,0.021942337075458514,0.5
127,0.0,1.0,0.0,0.36164865544106556,0.0,0.0,0.015126992566498259,1.0
128,1.0,1.0,0.0,0.2963056044232219,0.0,0.0,0.01393967004027879,0.0
129,1.0,1.0,1.0,0.3729580296556924,0.125,0.16666666666666666,0.04364049521284361,0.5
130,0.0,1.0,0.0,0.5601910027645137,0.0,0.0,0.013614293309848433,0.0
131,0.0,1.0,0.0,0.4093993465694898,0.0,0.0,0.015411575213749284,0.5
132,0.0,1.0,0.0,0.24604171902488062,0.0,0.0,0.013760683560491965,0.0
133,0.0,1.0,1.0,0.5853229454636844,0.125,0.0,0.028302115124416098,0.0
134,1.0,0.5,1.0,0.35913546117114853,0.125,0.0,0.050748620223090936,0.0
135,0.0,0.5,0.0,0.3088715757728072,0.0,0.0,0.025374310111545468,0.0
136,0.0,0.5,0.0,0.2837396330736366,0.0,0.0,0.02936744577509929,0.5
137,1.0,0.0,1.0,0.23347574767529528,0.0,0.3333333333333333,0.051301584996521765,0.0
138,0.0,0.0,0.0,0.4596632319678311,0.125,0.0,0.10364429745562033,0.0
139,0.0,1.0,0.0,0.19577783362653933,0.0,0.0,0.01798980030808316,0.0
140,0.0,0.0,0.0,0.2963056044232219,0.0,0.0,0.15458810467956932,0.5
141,0.0,1.0,1.0,0.261120884644383,0.0,0.3333333333333333,0.029757819776815374,0.5
142,1.0,1.0,1.0,0.2711736617240513,0.0,0.0,0.015126992566498259,0.0
143,1.0,1.0,1.0,0.2963056044232219,0.125,0.0,0.030937139635999665,0.0
144,0.0,1.0,0.0,0.23347574767529528,0.0,0.0,0.013175122557917838,1.0
145,0.0,0.5,0.0,0.22090977632570996,0.0,0.0,0.022446505098674834,0.0
146,0.0,0.5,0.0,0.23347574767529528,0.125,0.16666666666666666,0.07173122281533045,0.0
147,1.0,1.0,0.0,0.33400351847197784,0.0,0.0,0.015216388212891242,0.0
148,0.0,1.0,1.0,0.10781603417944208,0.25,0.3333333333333333,0.06709553154495196,0.0
149,0.0,0.5,0.0,0.4533802462930384,0.0,0.3333333333333333,0.050748620223090936,0.0
150,0.0,0.5,0.0,0.5224930887157577,0.0,0.0,0.025374310111545468,0.0
151,0.0,0.5,0.0,0.6355868308620256,0.0,0.0,0.02444717185746977,0.0
152,1.0,0.0,1.0,0.2711736617240513,0.125,0.0,0.12999454257145598,0.0
153,0.0,1.0,0.0,0.6921337019351596,0.0,0.0,0.015712553569072387,0.0
154,0.0,1.0,0.0,0.5036441316913798,0.0,0.3333333333333333,0.028302115124416098,0.0
155,0.0,1.0,0.0,0.4797687861271676,0.0,0.0,0.014273049437744325,0.0
156,0.0,0.0,0.0,0.6355868308620256,0.0,0.16666666666666666,0.11980421963065935,0.5
157,1.0,1.0,1.0,0.19577783362653933,0.0,0.0,0.015094396337354966,1.0
158,0.0,1.0,0.0,0.37170143252073384,0.0,0.0,0.015712553569072387,0.0
159,0.0,1.0,0.0,0.3154058808745916,0.0,0.0,0.016908073949327893,0.0
160,0.0,1.0,0.0,0.4018597637597386,1.0,0.3333333333333333,0.13575255909676823,0.0
161,0.0,1.0,0.0,0.5476250314149284,0.0,0.16666666666666666,0.031425107138144774,0.0
162,1.0,0.5,1.0,0.4973611460165871,0.0,0.0,0.030741952635141623,0.0
163,0.0,1.0,0.0,0.32143754712239253,0.0,0.0,0.015175789316712771,0.0
164,0.0,1.0,0.0,0.20834380497612465,0.0,0.0,0.016908073949327893,0.0
165,0.0,1.0,0.0,0.007288263382759489,0.5,0.16666666666666666,0.07746484096553544,0.0
166,1.0,1.0,0.0,0.10781603417944208,0.0,0.3333333333333333,0.04006213192611313,0.0
167,1.0,0.0,1.0,0.33249560191002764,0.0,0.16666666666666666,0.10735285047192313,0.0
168,0.0,1.0,1.0,0.5601910027645137,0.125,0.6666666666666666,0.05445717323939373,0.0
169,0.0,0.0,0.0,0.43453128926866047,0.0,0.0,0.050602229972447406,0.0
170,0.0,1.0,0.0,0.3465694898215632,0.0,0.0,0.11027245763075773,0.0
171,0.0,0.0,0.0,0.7612465443578789,0.0,0.0,0.06538764528744409,0.0
172,0.0,1.0,0.0,0.04498617743151546,0.5,0.16666666666666666,0.056848213999904744,1.0
173,1.0,1.0,1.0,0.007288263382759489,0.125,0.16666666666666666,0.021730754366528396,0.0
174,0.0,1.0,0.0,0.2586076903744659,0.0,0.0,0.015468569817999833,0.0
175,0.0,0.0,0.0,0.6984166876099522,0.0,0.0,0.05991421140938287,0.5
176,0.0,1.0,0.0,0.22090977632570996,0.125,0.16666666666666666,0.015330377421392339,0.0
177,0.0,1.0,0.0,0.38175420960040213,0.375,0.16666666666666666,0.04970768794751499,0.0
178,0.0,0.0,1.0,0.6230208595124404,0.0,0.0,0.05604306762136532,0.5
179,0.0,0.5,0.0,0.37170143252073384,0.0,0.0,0.025374310111545468,0.0
180,0.0,1.0,0.0,0.4470972606182458,0.0,0.0,0.0,0.0
181,0.0,1.0,1.0,0.39753706961548124,1.0,0.3333333333333333,0.13575255909676823,0.0
182,0.0,0.5,0.0,0.3063583815028902,0.0,0.0,0.02937564362913533,0.5
183,0.0,1.0,0.0,0.10781603417944208,0.5,0.3333333333333333,0.061264319894317944,0.0
184,1.0,0.5,0.0,0.007288263382759489,0.25,0.16666666666666666,0.0761229303346364,0.0
185,1.0,1.0,1.0,0.04498617743151546,0.0,0.3333333333333333,0.04298993693898376,0.0
186,0.0,0.0,0.0,0.23834129178185473,0.0,0.0,0.09759350042902103,0.0
187,1.0,1.0,1.0,0.2958029655692385,0.125,0.0,0.030253985132996517,1.0
188,1.0,0.0,0.0,0.5601910027645137,0.0,0.0,0.051822148727810165,0.0
189,0.0,1.0,0.0,0.4973611460165871,0.125,0.16666666666666666,0.030253985132996517,1.0
190,0.0,1.0,0.0,0.4470972606182458,0.0,0.0,0.015411575213749284,0.0
191,1.0,0.5,1.0,0.39683337521990447,0.0,0.0,0.025374310111545468,0.0
192,0.0,0.5,0.0,0.23347574767529528,0.0,0.0,0.025374310111545468,0.0
193,1.0,1.0,1.0,0.23347574767529528,0.125,0.0,0.015330377421392339,0.0
194,1.0,0.5,0.0,0.032420206081930136,0.125,0.16666666666666666,0.050748620223090936,0.0
195,1.0,0.0,1.0,0.5476250314149284,0.0,0.0,0.05410739813385612,0.5
196,1.0,0.0,1.0,0.7235486303091229,0.0,0.0,0.2859895551532101,0.5
197,0.0,1.0,0.0,0.36416184971098264,0.0,0.0,0.015126992566498259,1.0
198,0.0,1.0,0.0,0.5224930887157577,0.0,0.16666666666666666,0.01640390592611157,0.0
199,1.0,1.0,1.0,0.444332746921337,0.0,0.0,0.015126992566498259,1.0
200,0.0,0.5,1.0,0.2963056044232219,0.0,0.0,0.025374310111545468,0.0
201,0.0,1.0,0.0,0.3465694898215632,0.0,0.0,0.018542765081513996,0.0
202,0.0,1.0,0.0,0.38789444584066346,1.0,0.3333333333333333,0.13575255909676823,0.0
203,0.0,1.0,0.0,0.42196531791907516,0.0,0.0,0.012678957201736696,0.0
204,0.0,1.0,0.0,0.5664739884393063,0.0,0.0,0.014102260811993537,0.5
205,1.0,1.0,0.0,0.22090977632570996,0.0,0.0,0.015712553569072387,0.0
206,0.0,1.0,1.0,0.01985423473234481,0.0,0.16666666666666666,0.02042143996477265,0.0
207,0.0,1.0,0.0,0.39683337521990447,0.125,0.0,0.030937139635999665,0.0
208,1.0,1.0,0.0,0.32143754712239253,0.0,0.0,0.036670757786204655,0.5
209,1.0,1.0,1.0,0.19577783362653933,0.0,0.0,0.015126992566498259,1.0
210,1.0,0.0,0.0,0.4973611460165871,0.0,0.0,0.060507970265993034,0.5
211,0.0,1.0,0.0,0.2963056044232219,0.0,0.0,0.013760683560491965,0.0
212,1.0,0.5,1.0,0.43453128926866047,0.0,0.0,0.04098927018018883,0.0
213,0.0,1.0,0.0,0.2711736617240513,0.0,0.0,0.014151057562208049,0.0
214,0.0,0.5,0.0,0.37170143252073384,0.0,0.0,0.025374310111545468,0.0
215,0.0,1.0,0.0,0.3289771299321438,0.125,0.0,0.015126992566498259,1.0
216,1.0,0.0,1.0,0.38426740387031916,0.125,0.0,0.22109807522194713,0.5
217,1.0,1.0,1.0,0.33400351847197784,0.0,0.0,0.015468569817999833,0.0
218,0.0,0.5,0.0,0.5224930887157577,0.125,0.0,0.05270049023167135,0.0
219,1.0,0.0,1.0,0.39683337521990447,0.0,0.0,0.14891148113361488,0.5
220,0.0,0.5,0.0,0.37170143252073384,0.0,0.0,0.020494635090094415,0.0
221,1.0,1.0,0.0,0.19577783362653933,0.0,0.0,0.015712553569072387,0.0
222,0.0,0.5,0.0,0.33400351847197784,0.0,0.0,0.025374310111545468,0.0
223,0.0,1.0,0.0,0.6355868308620256,0.0,0.0,0.015712553569072387,0.0
224,0.0,1.0,0.0,0.31766775571751693,0.0,0.0,0.015411575213749284,0.0
225,1.0,0.0,0.0,0.4722292033174164,0.125,0.0,0.17566830077223786,0.0
226,0.0,1.0,0.0,0.2711736617240513,0.0,0.0,0.01824998458022693,0.0
227,1.0,0.5,0.0,0.23347574767529528,0.0,0.0,0.020494635090094415,0.0
228,0.0,1.0,0.0,0.2523247046996733,0.0,0.0,0.014151057562208049,0.0
229,0.0,0.5,0.0,0.22090977632570996,0.0,0.0,0.025374310111545468,0.0
230,0.0,1.0,1.0,0.39180698668007036,0.375,0.16666666666666666,0.04970768794751499,0.0
231,1.0,0.0,1.0,0.43453128926866047,0.125,0.0,0.16293234896625058,0.0
232,0.0,1.0,0.0,0.35913546117114853,0.0,0.0,0.015175789316712771,0.0
233,0.0,0.5,0.0,0.7361146016587082,0.0,0.0,0.026350245115835676,0.0
234,1.0,1.0,1.0,0.05755214878110078,0.5,0.3333333333333333,0.061264319894317944,0.0
235,0.0,0.5,0.0,0.2963056044232219,0.0,0.0,0.020494635090094415,0.0
236,0.0,1.0,1.0,0.4068861522995727,0.0,0.0,0.014736618564782174,0.0
237,0.0,0.5,0.0,0.5476250314149284,0.125,0.0,0.050748620223090936,0.0
238,1.0,0.5,1.0,0.09525006282985675,0.0,0.3333333333333333,0.05123658772523604,0.0
239,0.0,0.5,0.0,0.23347574767529528,0.0,0.0,0.020494635090094415,0.0
240,0.0,0.5,0.0,0.4093993465694898,0.0,0.0,0.023959204355324663,0.0
241,0.0,1.0,1.0,0.3189243528524755,0.125,0.0,0.028212719478023115,0.5
242,1.0,1.0,1.0,0.32344810253832623,0.125,0.0,0.030253985132996517,1.0
243,0.0,0.5,0.0,0.35913546117114853,0.0,0.0,0.020494635090094415,0.0
244,0.0,1.0,0.0,0.2711736617240513,0.0,0.0,0.013907073811135496,0.0
245,0.0,1.0,0.0,0.37170143252073384,0.0,0.0,0.014102260811993537,0.5
246,0.0,0.0,0.0,0.5476250314149284,0.25,0.0,0.17566830077223786,1.0
247,0.0,1.0,1.0,0.3088715757728072,0.0,0.0,0.015175789316712771,0.0
248,1.0,0.5,1.0,0.2963056044232219,0.0,0.3333333333333333,0.028302115124416098,0.0
249,1.0,0.0,0.0,0.4596632319678311,0.125,0.16666666666666666,0.10257896680493714,0.0
250,0.0,0.5,0.0,0.6732847449107816,0.125,0.0,0.050748620223090936,0.0
251,0.0,1.0,0.0,0.32143754712239253,0.0,0.0,0.014151057562208049,0.0
252,0.0,1.0,1.0,0.35913546117114853,0.125,0.16666666666666666,0.02042143996477265,0.0
253,0.0,0.0,0.0,0.7738125157074642,0.0,0.0,0.051822148727810165,0.0
254,0.0,1.0,0.0,0.37170143252073384,0.125,0.0,0.031425107138144774,0.0
255,0.0,1.0,1.0,0.5099271173661724,0.0,0.3333333333333333,0.039452172548431745,0.0
256,1.0,1.0,1.0,0.35913546117114853,0.0,0.3333333333333333,0.029757819776815374,0.5
257,1.0,0.0,1.0,0.5576778084945966,0.0,0.0,0.15458810467956932,0.5
258,1.0,0.0,1.0,0.37170143252073384,0.0,0.0,0.16883675574220638,0.0
259,1.0,0.0,1.0,0.43453128926866047,0.0,0.0,1.0,0.5
260,1.0,0.5,1.0,0.6230208595124404,0.0,0.16666666666666666,0.050748620223090936,0.0
261,0.0,1.0,0.0,0.39432018094998744,0.0,0.0,0.015126992566498259,1.0
262,1.0,1.0,0.0,0.032420206081930136,0.5,0.3333333333333333,0.061264319894317944,0.0
263,0.0,0.0,0.0,0.648152802211611,0.125,0.16666666666666666,0.1554664461834305,0.0
264,0.0,0.0,0.0,0.4973611460165871,0.0,0.0,0.0,0.0
265,0.0,1.0,1.0,0.391304347826087,0.0,0.0,0.015126992566498259,1.0
266,0.0,0.5,0.0,0.4470972606182458,0.0,0.0,0.020494635090094415,0.0
267,0.0,1.0,0.0,0.19577783362653933,0.5,0.16666666666666666,0.07746484096553544,0.0
268,1.0,1.0,0.0,0.3088715757728072,0.125,0.0,0.015175789316712771,0.0
269,1.0,0.0,1.0,0.7235486303091229,0.0,0.16666666666666666,0.2995388511917728,0.0
270,1.0,0.0,1.0,0.43453128926866047,0.0,0.0,0.2647385704347907,0.0
271,0.0,0.0,0.0,0.2560944961045489,0.0,0.0,0.060507970265993034,0.0
272,1.0,1.0,0.0,0.3088715757728072,0.0,0.0,0.0,0.0
273,1.0,0.5,1.0,0.5099271173661724,0.0,0.16666666666666666,0.0380614651673182,0.0
274,0.0,0.0,0.0,0.4596632319678311,0.0,0.16666666666666666,0.057970539254838485,0.5
275,1.0,1.0,1.0,0.4445840663483287,0.0,0.0,0.015126992566498259,1.0
276,1.0,0.0,1.0,0.7863784870570495,0.125,0.0,0.15216446768991498,0.0
277,0.0,1.0,1.0,0.5601910027645137,0.0,0.0,0.015126992566498259,0.0
278,0.0,0.5,0.0,0.4943453128926867,0.0,0.0,0.0,0.0
279,0.0,1.0,0.0,0.08268409148027142,0.5,0.16666666666666666,0.056848213999904744,1.0
280,1.0,1.0,1.0,0.43453128926866047,0.125,0.16666666666666666,0.03952536767375352,0.0
281,0.0,1.0,0.0,0.8115104297562201,0.0,0.0,0.015126992566498259,1.0
282,0.0,1.0,0.0,0.3465694898215632,0.0,0.0,0.015330377421392339,0.0
283,0.0,1.0,0.0,0.19577783362653933,0.0,0.0,0.018542765081513996,0.0
284,1.0,1.0,0.0,0.23347574767529528,0.0,0.0,0.015712553569072387,0.0
285,0.0,0.0,0.0,0.4018597637597386,0.0,0.0,0.050748620223090936,0.0
286,0.0,1.0,0.0,0.4093993465694898,0.0,0.0,0.016908073949327893,0.5
287,1.0,1.0,0.0,0.37170143252073384,0.0,0.0,0.018542765081513996,0.0
288,0.0,1.0,0.0,0.2711736617240513,0.0,0.0,0.015411575213749284,0.0
289,1.0,0.5,0.0,0.5224930887157577,0.0,0.0,0.025374310111545468,0.0
290,1.0,1.0,1.0,0.2711736617240513,0.0,0.0,0.015126992566498259,1.0
291,1.0,0.0,1.0,0.32143754712239253,0.0,0.0,0.15390495017656614,0.0
292,1.0,0.0,1.0,0.23347574767529528,0.125,0.0,0.17777475888549785,0.5
293,0.0,0.5,0.0,0.4470972606182458,0.0,0.0,0.025130326360472913,0.5
294,0.0,1.0,1.0,0.2963056044232219,0.0,0.0,0.01727404957593672,0.0
295,0.0,1.0,0.0,0.2963056044232219,0.0,0.0,0.015411575213749284,0.0
296,0.0,0.0,0.0,0.4129178185473737,0.0,0.0,0.05410739813385612,0.5
297,0.0,1.0,0.0,0.2900226187484292,0.0,0.0,0.014110458666029575,0.5
298,0.0,0.0,1.0,0.01985423473234481,0.125,0.3333333333333333,0.29580589980036276,0.0
299,1.0,0.0,0.0,0.40859512440311635,0.0,0.0,0.05953203526170282,0.0
300,1.0,0.0,1.0,0.6230208595124404,0.0,0.16666666666666666,0.4831284260198326,0.5
301,1.0,1.0,1.0,0.3126413671776828,0.0,0.0,0.015126992566498259,1.0
302,1.0,1.0,0.0,0.40994219653179187,0.25,0.0,0.04538097769949478,1.0
303,0.0,1.0,0.0,0.23347574767529528,0.0,0.0,0.0,0.0
304,1.0,0.5,1.0,0.32847449107816035,0.0,0.0,0.024105594605968193,1.0
305,0.0,1.0,0.0,0.3022367429002262,0.0,0.0,0.015712553569072387,0.0
306,1.0,0.0,0.0,0.0062829856747926615,0.125,0.3333333333333333,0.29580589980036276,0.0
307,1.0,0.0,1.0,0.33651671274189493,0.0,0.0,0.21642978772242535,0.5
308,1.0,0.0,1.0,0.20834380497612465,0.125,0.0,0.2125586439344078,0.5
309,0.0,0.5,0.0,0.37170143252073384,0.125,0.0,0.04684488020593009,0.5
310,1.0,0.0,1.0,0.37170143252073384,0.0,0.0,0.11111839809247648,0.5
311,1.0,0.0,1.0,0.2963056044232219,0.0,0.0,0.16231419173453318,0.5
312,1.0,0.0,1.0,0.22090977632570996,0.25,0.3333333333333333,0.5121218935012878,0.5
313,0.0,0.5,1.0,0.32143754712239253,0.125,0.16666666666666666,0.050748620223090936,0.0
314,0.0,1.0,0.0,0.3465694898215632,0.0,0.0,0.015411575213749284,0.0
315,0.0,0.5,0.0,0.5350590600653431,0.125,0.16666666666666666,0.05123658772523604,0.0
316,1.0,1.0,1.0,0.32143754712239253,0.0,0.0,0.015330377421392339,0.0
317,1.0,0.5,1.0,0.2963056044232219,0.125,0.0,0.050748620223090936,0.0
318,0.0,0.5,0.0,0.6732847449107816,0.0,0.0,0.027326180120125887,0.0
319,1.0,0.0,1.0,0.38426740387031916,0.0,0.3333333333333333,0.32179836714362564,0.0
320,1.0,0.0,1.0,0.4973611460165871,0.125,0.16666666666666666,0.2625265161540666,0.5
321,0.0,1.0,0.0,0.2711736617240513,0.0,0.0,0.014151057562208049,0.0
322,0.0,1.0,0.0,0.33400351847197784,0.0,0.0,0.015411575213749284,0.0
323,1.0,0.5,1.0,0.37170143252073384,0.0,0.0,0.024105594605968193,1.0
324,1.0,0.5,1.0,0.2711736617240513,0.125,0.16666666666666666,0.056604230248832196,0.0
325,0.0,1.0,0.0,0.29881879869313893,1.0,0.3333333333333333,0.13575255909676823,0.0
326,1.0,0.0,1.0,0.4470972606182458,0.0,0.0,0.2647385704347907,0.5
327,0.0,1.0,0.0,0.7612465443578789,0.0,0.0,0.012174789178520372,0.0
328,1.0,0.5,1.0,0.4470972606182458,0.0,0.0,0.025374310111545468,0.0
329,1.0,1.0,1.0,0.38426740387031916,0.125,0.16666666666666666,0.04006213192611313,0.0
330,1.0,0.0,1.0,0.19577783362653933,0.0,0.16666666666666666,0.11316786160148591,0.5
331,1.0,1.0,1.0,0.2875094244785122,0.25,0.0,0.04538097769949478,1.0
332,0.0,0.0,0.0,0.5664739884393063,0.0,0.0,0.055628295244541985,0.0
333,0.0,0.0,0.0,0.4722292033174164,0.0,0.16666666666666666,0.2995388511917728,0.0
334,0.0,1.0,0.0,0.19577783362653933,0.25,0.0,0.03513366015444757,0.0
335,1.0,0.0,1.0,0.38657954259864286,0.125,0.0,0.2608674266467732,0.0
336,0.0,1.0,0.0,0.4847951746670017,0.0,0.0,0.015411575213749284,0.0
337,0.0,0.0,0.0,0.35913546117114853,0.125,0.0,0.12999454257145598,0.0
338,1.0,0.0,1.0,0.5099271173661724,0.0,0.0,0.2625265161540666,0.5
339,1.0,1.0,0.0,0.5601910027645137,0.0,0.0,0.015712553569072387,0.0
340,0.0,0.0,0.0,0.5601910027645137,0.0,0.0,0.06929138530460492,0.0
341,1.0,0.5,0.0,0.01985423473234481,0.125,0.16666666666666666,0.050748620223090936,0.0
342,1.0,0.0,1.0,0.2963056044232219,0.375,0.3333333333333333,0.5133418122566505,0.0
343,0.0,0.5,0.0,0.3465694898215632,0.0,0.0,0.025374310111545468,0.0
344,0.0,0.5,0.0,0.3088715757728072,0.0,0.0,0.025374310111545468,0.0
345,0.0,0.5,0.0,0.4470972606182458,0.0,0.0,0.025374310111545468,0.0
346,1.0,0.5,1.0,0.2963056044232219,0.0,0.0,0.025374310111545468,0.0
347,1.0,0.5,1.0,0.4973611460165871,0.0,0.0,0.025374310111545468,0.0
348,1.0,1.0,1.0,0.3164111585825584,0.125,0.0,0.031425107138144774,0.0
349,1.0,1.0,0.0,0.032420206081930136,0.125,0.16666666666666666,0.031034733136428686,0.0
350,0.0,1.0,0.0,0.5224930887157577,0.0,0.0,0.016908073949327893,0.0
351,0.0,1.0,0.0,0.2837396330736366,0.0,0.0,0.01800600082915438,0.0
352,0.0,0.0,0.0,0.34908268409148024,0.0,0.0,0.06831545030031472,0.0
353,0.0,1.0,0.0,0.18321186227695402,0.125,0.16666666666666666,0.014110458666029575,0.5
354,0.0,1.0,0.0,0.3088715757728072,0.125,0.0,0.034743286152731485,0.0
355,0.0,1.0,0.0,0.36164865544106556,0.0,0.0,0.014102260811993537,0.5
356,0.0,1.0,0.0,0.3465694898215632,0.0,0.0,0.018542765081513996,0.0
357,1.0,0.0,1.0,0.2711736617240513,0.0,0.16666666666666666,0.10735285047192313,0.0
358,0.0,0.5,1.0,0.4722292033174164,0.0,0.0,0.025374310111545468,0.0
359,1.0,1.0,1.0,0.3596381000251319,0.0,0.0,0.01537917417160685,1.0
360,1.0,1.0,1.0,0.39492334757476755,0.0,0.0,0.01537917417160685,1.0
361,0.0,1.0,0.0,0.4973611460165871,0.125,0.6666666666666666,0.05445717323939373,0.0
362,0.0,0.5,0.0,0.35913546117114853,0.125,0.0,0.05410739813385612,0.5
363,0.0,1.0,1.0,0.5601910027645137,0.0,0.16666666666666666,0.028212719478023115,0.5
364,0.0,1.0,0.0,0.43453128926866047,0.0,0.0,0.013760683560491965,0.0
365,0.0,1.0,0.0,0.4467152550892184,0.125,0.0,0.030253985132996517,1.0
366,0.0,1.0,0.0,0.37170143252073384,0.0,0.0,0.014151057562208049,0.0
367,1.0,0.0,1.0,0.7486805730082935,0.125,0.0,0.14687821814567664,0.5
368,1.0,1.0,1.0,0.3311083186730335,0.0,0.0,0.014110458666029575,0.5
369,1.0,1.0,1.0,0.3183453128926866,0.0,0.0,0.015126992566498259,1.0
370,1.0,0.0,1.0,0.2963056044232219,0.0,0.0,0.13526459159462315,0.5
371,1.0,0.0,0.0,0.3088715757728072,0.125,0.0,0.1082149914547131,0.5
372,0.0,1.0,0.0,0.22090977632570996,0.125,0.0,0.012678957201736696,0.0
373,0.0,1.0,0.0,0.23347574767529528,0.0,0.0,0.015712553569072387,0.0
374,0.0,0.0,0.0,0.2711736617240513,0.0,0.0,0.2647385704347907,0.5
375,0.0,1.0,1.0,0.032420206081930136,0.375,0.16666666666666666,0.04113566043083236,0.0
376,1.0,0.0,1.0,0.4018597637597386,0.125,0.0,0.16038672010106,0.5
377,1.0,1.0,1.0,0.2711736617240513,0.0,0.0,0.014151057562208049,0.0
378,0.0,0.0,0.0,0.33400351847197784,0.0,0.3333333333333333,0.41282050681475896,0.5
379,0.0,1.0,0.0,0.24604171902488062,0.0,0.0,0.007831878409428937,0.5
380,0.0,1.0,0.0,0.23347574767529528,0.0,0.0,0.015175789316712771,0.0
381,1.0,0.0,1.0,0.5224930887157577,0.0,0.0,0.4440992237022602,0.5
382,1.0,1.0,1.0,0.007288263382759489,0.0,0.3333333333333333,0.030725752114070404,0.5
383,0.0,1.0,0.0,0.39683337521990447,0.0,0.0,0.015468569817999833,0.0
384,1.0,0.0,1.0,0.43453128926866047,0.125,0.0,0.10149724044618187,0.0
385,0.0,1.0,0.0,0.3088715757728072,0.0,0.0,0.015411575213749284,0.0
386,0.0,0.5,0.0,0.22090977632570996,0.0,0.0,0.1434624456306609,0.0
387,0.0,1.0,0.0,0.007288263382759489,0.625,0.3333333333333333,0.09154270340242172,0.0
388,1.0,0.5,1.0,0.4470972606182458,0.0,0.0,0.025374310111545468,0.0
389,0.0,1.0,0.0,0.31389796431264133,0.0,0.0,0.015086393670319786,1.0
390,1.0,0.5,1.0,0.20834380497612465,0.0,0.0,0.023422440102965045,0.5
391,1.0,0.0,0.0,0.4470972606182458,0.125,0.3333333333333333,0.23422440102965045,0.0
392,1.0,1.0,0.0,0.2586076903744659,0.0,0.0,0.015216388212891242,0.0
393,0.0,1.0,0.0,0.3465694898215632,0.25,0.0,0.015468569817999833,0.0
394,1.0,0.0,1.0,0.2837396330736366,0.125,0.0,0.22109807522194713,0.5
395,1.0,1.0,1.0,0.2963056044232219,0.0,0.3333333333333333,0.03259622914329302,0.0
396,0.0,1.0,0.0,0.2711736617240513,0.0,0.0,0.015216388212891242,0.0
397,0.0,1.0,1.0,0.38426740387031916,0.0,0.0,0.015330377421392339,0.0
398,0.0,0.5,0.0,0.572756974114099,0.0,0.0,0.050748620223090936,0.0
399,0.0,0.5,0.0,0.2837396330736366,0.0,0.0,0.020494635090094415,0.0
400,1.0,0.5,1.0,0.3465694898215632,0.0,0.0,0.02469115560854232,0.0
401,1.0,1.0,0.0,0.4847951746670017,0.0,0.0,0.015468569817999833,0.0
402,0.0,1.0,0.0,0.32143754712239253,0.0,0.0,0.015712553569072387,0.0
403,0.0,1.0,1.0,0.2586076903744659,0.125,0.0,0.019177122834302632,0.0
404,0.0,1.0,0.0,0.3465694898215632,0.125,0.0,0.030937139635999665,0.0
405,0.0,1.0,1.0,0.24604171902488062,0.0,0.0,0.016908073949327893,0.0
406,0.0,0.5,0.0,0.42196531791907516,0.125,0.0,0.04098927018018883,0.0
407,0.0,1.0,0.0,0.6355868308620256,0.0,0.0,0.015126992566498259,0.0
408,1.0,0.5,0.0,0.032420206081930136,0.125,0.16666666666666666,0.03659756266088288,0.0
409,0.0,1.0,0.0,0.2586076903744659,0.0,0.0,0.015175789316712771,0.0
410,0.0,1.0,1.0,0.2686604674541342,0.375,0.16666666666666666,0.04970768794751499,0.0
411,0.0,1.0,0.0,0.38929379241015327,0.0,0.0,0.015411575213749284,0.0
412,0.0,1.0,0.0,0.41543101281729083,0.0,0.0,0.013386510079847098,1.0
413,1.0,0.0,1.0,0.4093993465694898,0.125,0.0,0.17566830077223786,1.0
414,0.0,0.5,0.0,0.4493088715757728,0.0,0.0,0.0,0.0
415,1.0,1.0,0.0,0.5476250314149284,0.0,0.0,0.015468569817999833,0.0
416,0.0,1.0,1.0,0.3889922090977632,0.0,0.0,0.015712553569072387,0.0
417,1.0,0.5,1.0,0.42196531791907516,0.125,0.16666666666666666,0.06343577527886367,0.0
418,1.0,0.5,1.0,0.22090977632570996,0.0,0.3333333333333333,0.025374310111545468,0.0
419,0.0,0.5,0.0,0.37170143252073384,0.0,0.0,0.025374310111545468,0.0
420,0.0,1.0,1.0,0.12038200552902739,0.0,0.3333333333333333,0.04713766070721715,0.0
421,0.0,1.0,0.0,0.385212364915808,0.0,0.0,0.015411575213749284,0.5
422,0.0,1.0,0.0,0.2586076903744659,0.0,0.0,0.015094396337354966,1.0
423,0.0,1.0,0.0,0.35913546117114853,0.0,0.0,0.015370976317570811,0.0
424,0.0,1.0,1.0,0.3465694898215632,0.125,0.16666666666666666,0.028106928123558056,0.0
425,0.0,1.0,0.0,0.22090977632570996,0.125,0.16666666666666666,0.039452172548431745,0.0
426,0.0,1.0,0.0,0.349271676300578,0.0,0.0,0.014151057562208049,0.0
427,1.0,0.5,1.0,0.3465694898215632,0.125,0.0,0.050748620223090936,0.0
428,1.0,0.5,1.0,0.23347574767529528,0.0,0.0,0.050748620223090936,0.0
429,0.0,1.0,0.0,0.31443840160844433,0.0,0.0,0.015126992566498259,1.0
430,1.0,1.0,0.0,0.39683337521990447,0.0,0.0,0.015712553569072387,0.0
431,1.0,0.0,0.0,0.3465694898215632,0.0,0.0,0.051822148727810165,0.0
432,1.0,1.0,1.0,0.3150113294797688,0.125,0.0,0.031425107138144774,0.0
433,1.0,0.5,1.0,0.5224930887157577,0.125,0.0,0.050748620223090936,0.0
434,0.0,1.0,0.0,0.20834380497612465,0.0,0.0,0.013907073811135496,0.0
435,0.0,0.0,0.0,0.6230208595124404,0.125,0.0,0.1091095334796455,0.0
436,1.0,0.0,1.0,0.17064589092736868,0.125,0.3333333333333333,0.23422440102965045,0.0
437,0.0,1.0,1.0,0.2586076903744659,0.25,0.3333333333333333,0.06709553154495196,0.0
438,1.0,0.5,1.0,0.2963056044232219,0.25,0.5,0.03659756266088288,0.0
439,0.0,0.0,0.0,0.7989444584066349,0.125,0.6666666666666666,0.5133418122566505,0.0
440,0.0,0.5,0.0,0.38426740387031916,0.0,0.0,0.020494635090094415,0.0
441,1.0,0.5,1.0,0.5601910027645137,0.125,0.16666666666666666,0.05123658772523604,0.0
442,0.0,1.0,0.0,0.24604171902488062,0.0,0.0,0.018542765081513996,0.0
443,0.0,1.0,0.0,0.3088715757728072,0.125,0.0,0.015175789316712771,0.0
444,1.0,0.5,1.0,0.3465694898215632,0.0,0.0,0.025374310111545468,0.0
445,1.0,1.0,0.0,0.3289771299321438,0.0,0.0,0.015834545444608664,0.0
446,1.0,0.0,0.0,0.04498617743151546,0.0,0.3333333333333333,0.15977676072337862,0.0
447,1.0,0.5,1.0,0.15807991957778336,0.0,0.16666666666666666,0.0380614651673182,0.0
448,1.0,0.0,0.0,0.42196531791907516,0.0,0.0,0.051822148727810165,0.0
449,1.0,1.0,1.0,0.05755214878110078,0.25,0.16666666666666666,0.03758969818624431,0.5
450,1.0,0.0,0.0,0.648152802211611,0.0,0.0,0.05953203526170282,0.0
451,0.0,0.5,0.0,0.4470972606182458,0.125,0.3333333333333333,0.05416439273810667,0.0
452,0.0,1.0,0.0,0.2912792158833878,0.125,0.0,0.03897240290032268,0.0
453,0.0,0.0,0.0,0.37170143252073384,0.0,0.0,0.05416439273810667,0.5
454,1.0,0.0,0.0,0.610454888162855,0.125,0.0,0.17391981561855152,0.5
455,0.0,1.0,0.0,0.4661975370696154,0.0,0.0,0.015712553569072387,0.0
456,1.0,1.0,0.0,0.35913546117114853,0.0,0.0,0.015411575213749284,0.5
457,0.0,0.0,0.0,0.8115104297562201,0.0,0.0,0.051822148727810165,0.0
458,1.0,0.0,1.0,0.4672028147775823,0.125,0.0,0.10122885832000206,0.0
459,1.0,0.5,1.0,0.6230208595124404,0.0,0.0,0.020494635090094415,0.0
460,0.0,1.0,0.0,0.46850967579793906,0.0,0.0,0.015126992566498259,1.0
461,1.0,0.0,0.0,0.5978889168132696,0.0,0.0,0.051822148727810165,0.0
462,0.0,1.0,0.0,0.42196531791907516,0.0,0.0,0.015712553569072387,0.0
463,0.0,0.0,0.0,0.5853229454636844,0.0,0.0,0.07514699533034619,0.0
464,0.0,0.5,0.0,0.5978889168132696,0.0,0.0,0.025374310111545468,0.0
465,0.0,1.0,0.0,0.5167227946720282,0.0,0.0,0.015712553569072387,0.0
466,0.0,1.0,0.0,0.4722292033174164,0.0,0.0,0.013760683560491965,0.0
467,0.0,0.5,0.0,0.470331239004775,0.0,0.0,0.0,0.0
468,0.0,0.0,0.0,0.6984166876099522,0.0,0.0,0.051822148727810165,0.0
469,0.0,1.0,0.0,0.43086403618999747,0.0,0.0,0.015078195816283748,1.0
470,1.0,1.0,1.0,0.004146770545363157,0.25,0.16666666666666666,0.03758969818624431,0.5
471,0.0,1.0,0.0,0.43264377984418195,0.0,0.0,0.014151057562208049,0.0
472,0.0,1.0,0.0,0.4722292033174164,0.0,0.0,0.016908073949327893,0.0
473,1.0,0.5,1.0,0.4093993465694898,0.125,0.3333333333333333,0.05416439273810667,0.0
474,1.0,0.5,1.0,0.2837396330736366,0.0,0.0,0.026919605597338588,0.5
475,0.0,1.0,1.0,0.2711736617240513,0.0,0.0,0.019201521209409888,0.0
476,0.0,0.0,0.0,0.49132947976878605,0.0,0.0,0.10149724044618187,0.0
477,0.0,0.5,0.0,0.42196531791907516,0.125,0.0,0.04098927018018883,0.0
478,0.0,1.0,0.0,0.35913546117114853,0.125,0.0,0.013752485706455927,0.0
479,0.0,1.0,0.0,0.2711736617240513,0.0,0.0,0.014679623960531627,0.0
480,1.0,1.0,1.0,0.01985423473234481,0.0,0.16666666666666666,0.023983602730431916,0.0
481,0.0,1.0,0.0,0.10781603417944208,0.625,0.3333333333333333,0.09154270340242172,0.0
482,0.0,0.5,0.0,0.48228198039708464,0.0,0.0,0.0,0.0
483,0.0,1.0,0.0,0.6230208595124404,0.0,0.0,0.015712553569072387,0.0
484,1.0,1.0,1.0,0.7863784870570495,0.0,0.0,0.018713553707264782,0.0
485,1.0,0.0,0.0,0.3088715757728072,0.125,0.0,0.17777475888549785,0.5
486,0.0,1.0,1.0,0.4697160090474993,0.375,0.16666666666666666,0.04970768794751499,0.0
487,1.0,0.0,1.0,0.43453128926866047,0.125,0.0,0.17566830077223786,0.0
488,0.0,0.0,0.0,0.7235486303091229,0.0,0.0,0.057970539254838485,0.5
489,0.0,1.0,0.0,0.37170143252073384,0.0,0.0,0.015712553569072387,0.0
490,1.0,1.0,0.0,0.10781603417944208,0.125,0.16666666666666666,0.031034733136428686,0.0
491,0.0,1.0,0.0,0.47172656446343303,0.125,0.0,0.03897240290032268,0.0
492,0.0,1.0,0.0,0.2586076903744659,0.0,0.0,0.014151057562208049,0.0
493,0.0,0.0,0.0,0.6858507162603669,0.0,0.0,0.05953203526170282,0.0
494,0.0,0.0,0.0,0.8869062578537321,0.0,0.0,0.09662576327876685,0.5
495,0.0,1.0,0.0,0.2586076903744659,0.0,0.0,0.015712553569072387,0.0
496,0.0,1.0,0.0,0.2685599396833375,0.0,0.0,0.028220722145058292,0.5
497,1.0,0.0,1.0,0.6732847449107816,0.125,0.0,0.1527664244005612,0.5
498,0.0,1.0,0.0,0.2982960542849962,0.0,0.0,0.029473237129564348,0.0
499,0.0,0.0,1.0,0.3088715757728072,0.125,0.3333333333333333,0.29580589980036276,0.0
500,0.0,1.0,0.0,0.2963056044232219,0.0,0.0,0.015216388212891242,0.0
501,0.0,1.0,0.0,0.20834380497612465,0.0,0.0,0.016908073949327893,0.0
502,0.0,1.0,1.0,0.2586076903744659,0.0,0.0,0.015126992566498259,1.0
503,0.0,1.0,1.0,0.3164111585825584,0.0,0.0,0.014891206669461744,1.0
504,0.0,1.0,1.0,0.4596632319678311,0.0,0.0,0.018713553707264782,0.0
505,1.0,0.0,1.0,0.19577783362653933,0.0,0.0,0.16883675574220638,0.0
506,0.0,0.0,0.0,0.22090977632570996,0.125,0.0,0.2125586439344078,0.5
507,1.0,0.5,1.0,0.4093993465694898,0.0,0.3333333333333333,0.050748620223090936,0.0
508,1.0,0.0,0.0,0.4470972606182458,0.0,0.0,0.051822148727810165,0.0
509,0.0,1.0,0.0,0.3465694898215632,0.0,0.0,0.04396587194327397,0.0
510,1.0,1.0,0.0,0.32143754712239253,0.0,0.0,0.11027245763075773,0.0
511,1.0,1.0,0.0,0.35913546117114853,0.0,0.0,0.015126992566498259,1.0
512,0.0,1.0,0.0,0.38678059814023624,0.0,0.0,0.015712553569072387,0.0
513,1.0,0.0,0.0,0.4470972606182458,0.0,0.0,0.05130978285055781,0.0
514,1.0,0.0,1.0,0.6732847449107816,0.125,0.0,0.11594107850967697,0.5
515,0.0,1.0,0.0,0.2963056044232219,0.0,0.0,0.014630827210317115,0.0
516,0.0,0.0,0.0,0.5853229454636844,0.0,0.0,0.06640417918791278,0.0
517,1.0,0.5,1.0,0.42196531791907516,0.0,0.0,0.020494635090094415,0.0
518,0.0,1.0,0.0,0.454636843427997,0.0,0.0,0.04713766070721715,1.0
519,1.0,0.5,1.0,0.4470972606182458,0.125,0.0,0.050748620223090936,0.0
520,0.0,1.0,0.0,0.39683337521990447,0.0,0.0,0.015411575213749284,0.0
521,1.0,0.0,1.0,0.37170143252073384,0.0,0.0,0.18249984580226933,0.0
522,0.0,1.0,0.0,0.2711736617240513,0.0,0.0,0.015411575213749284,0.0
523,0.0,1.0,0.0,0.45589344056295555,0.0,0.0,0.014102260811993537,0.5
524,1.0,0.0,1.0,0.5476250314149284,0.0,0.16666666666666666,0.11316786160148591,0.5
525,0.0,1.0,0.0,0.46770545363156574,0.0,0.0,0.014110458666029575,0.5
526,0.0,1.0,0.0,0.5036441316913798,0.0,0.0,0.015126992566498259,1.0
527,1.0,0.5,1.0,0.6230208595124404,0.0,0.0,0.020494635090094415,0.0
528,0.0,0.0,0.0,0.4068861522995727,0.0,0.0,0.4328841690069588,0.0
529,0.0,1.0,0.0,0.4847951746670017,0.0,0.0,0.015468569817999833,0.0
530,0.0,0.5,0.0,0.2837396330736366,0.25,0.16666666666666666,0.022446505098674834,0.0
531,1.0,0.5,1.0,0.01985423473234481,0.125,0.16666666666666666,0.050748620223090936,0.0
532,0.0,1.0,0.0,0.3704448353857753,0.0,0.0,0.014110458666029575,0.5
533,0.0,1.0,0.0,0.20834380497612465,0.125,0.16666666666666666,0.014110458666029575,0.5
534,1.0,1.0,1.0,0.2686604674541342,0.0,0.3333333333333333,0.04364049521284361,0.5
535,0.0,1.0,1.0,0.37170143252073384,0.0,0.0,0.016908073949327893,0.0
536,1.0,0.5,1.0,0.08268409148027142,0.0,0.3333333333333333,0.05123658772523604,0.0
537,0.0,0.0,0.0,0.5601910027645137,0.0,0.0,0.051822148727810165,0.0
538,1.0,0.0,1.0,0.37170143252073384,0.0,0.0,0.20772776566317125,0.5
539,0.0,1.0,0.0,0.3005780346820809,0.0,0.0,0.028302115124416098,0.0
540,1.0,0.0,1.0,0.2711736617240513,0.0,0.3333333333333333,0.09661756542473081,0.5
541,1.0,0.0,1.0,0.4470972606182458,0.0,0.3333333333333333,0.13858277060920984,0.0
542,0.0,1.0,1.0,0.10781603417944208,0.5,0.3333333333333333,0.06104473451835265,0.0
543,0.0,1.0,1.0,0.13294797687861273,0.5,0.3333333333333333,0.06104473451835265,0.0
544,1.0,0.5,0.0,0.39683337521990447,0.125,0.0,0.050748620223090936,0.0
545,0.0,0.0,0.0,0.6230208595124404,0.125,0.0,0.20772776566317125,0.5
546,0.0,0.0,0.0,0.7989444584066349,0.0,0.0,0.050748620223090936,0.0
547,1.0,0.5,1.0,0.23347574767529528,0.125,0.0,0.050748620223090936,0.0
548,1.0,0.5,0.0,0.2971600904749937,0.0,0.0,0.02705779799394608,0.5
549,0.0,1.0,0.0,0.4093993465694898,0.125,0.16666666666666666,0.04006213192611313,0.0
550,1.0,0.5,0.0,0.09525006282985675,0.125,0.16666666666666666,0.07173122281533045,0.0
551,1.0,0.0,0.0,0.20834380497612465,0.0,0.3333333333333333,0.21642978772242535,0.5
552,0.0,0.5,0.0,0.33400351847197784,0.0,0.0,0.050748620223090936,0.0
553,0.0,1.0,0.0,0.3366876099522492,0.0,0.0,0.015281580671177828,1.0
554,1.0,1.0,0.0,0.2711736617240513,0.0,0.0,0.014102260811993537,0.5
555,1.0,1.0,1.0,0.2711736617240513,0.0,0.0,0.015175789316712771,0.0
556,0.0,0.0,0.0,0.7738125157074642,0.0,0.0,0.051822148727810165,0.0
557,1.0,0.0,1.0,0.5978889168132696,0.125,0.0,0.07729405233978466,0.5
558,0.0,0.0,0.0,0.3812515707464187,0.0,0.0,0.4440992237022602,0.5
559,1.0,0.0,1.0,0.4847951746670017,0.125,0.16666666666666666,0.1554664461834305,0.0
560,1.0,1.0,1.0,0.4470972606182458,0.125,0.0,0.033962538149299316,0.0
561,0.0,1.0,0.0,0.3239507413923096,0.0,0.0,0.015126992566498259,1.0
562,0.0,1.0,0.0,0.4973611460165871,0.0,0.0,0.015411575213749284,0.0
563,0.0,0.5,0.0,0.3465694898215632,0.0,0.0,0.026350245115835676,0.0
564,0.0,1.0,0.0,0.3596381000251319,0.0,0.0,0.015712553569072387,0.0
565,0.0,1.0,1.0,0.36225182206584566,0.0,0.0,0.015712553569072387,0.0
566,0.0,1.0,0.0,0.2963056044232219,0.25,0.0,0.04713766070721715,0.0
567,0.0,1.0,0.0,0.23347574767529528,0.0,0.0,0.015411575213749284,0.0
568,0.0,1.0,1.0,0.35913546117114853,0.0,0.6666666666666666,0.04113566043083236,0.0
569,0.0,1.0,0.0,0.4252023121387283,0.0,0.0,0.014110458666029575,0.5
570,1.0,1.0,0.0,0.39683337521990447,0.0,0.0,0.015330377421392339,0.0
571,1.0,0.5,0.0,0.7738125157074642,0.0,0.0,0.020494635090094415,0.0
572,1.0,0.0,1.0,0.6607187735611962,0.25,0.0,0.10048070654571319,0.0
573,1.0,0.0,0.0,0.4470972606182458,0.0,0.0,0.051504969851415845,0.0
574,1.0,1.0,1.0,0.43769188238250817,0.0,0.0,0.015126992566498259,1.0
575,0.0,1.0,0.0,0.19577783362653933,0.0,0.0,0.015712553569072387,0.0
576,0.0,1.0,0.0,0.23347574767529528,0.0,0.0,0.028302115124416098,0.0
577,1.0,0.5,1.0,0.42196531791907516,0.0,0.0,0.025374310111545468,0.0
578,1.0,0.0,1.0,0.4847951746670017,0.125,0.0,0.1091095334796455,0.0
579,0.0,1.0,1.0,0.36667504398089973,0.125,0.0,0.028220722145058292,0.5
580,1.0,1.0,0.0,0.39683337521990447,0.0,0.0,0.015468569817999833,0.0
581,1.0,0.5,1.0,0.3088715757728072,0.125,0.16666666666666666,0.05855610025741261,0.0
582,1.0,0.0,1.0,0.4847951746670017,0.125,0.16666666666666666,0.21642978772242535,0.5
583,0.0,0.5,0.0,0.6732847449107816,0.0,0.0,0.050748620223090936,0.0
584,0.0,0.0,0.0,0.4470972606182458,0.0,0.0,0.07831878409428937,0.5
585,0.0,1.0,0.0,0.454636843427997,0.0,0.0,0.017005667449756914,0.5
586,1.0,0.0,1.0,0.22090977632570996,0.0,0.3333333333333333,0.1554664461834305,0.0
587,0.0,0.5,0.0,0.5853229454636844,0.0,0.0,0.029278050128706306,0.0
588,1.0,0.0,0.0,0.7486805730082935,0.125,0.16666666666666666,0.15458810467956932,0.5
589,0.0,1.0,0.0,0.2711736617240513,0.0,0.0,0.015712553569072387,0.0
590,0.0,1.0,0.0,0.4661975370696154,0.0,0.0,0.015712553569072387,0.0
591,0.0,1.0,0.0,0.43453128926866047,0.0,0.0,0.013907073811135496,0.0
592,1.0,0.0,1.0,0.648152802211611,0.125,0.0,0.1527664244005612,0.5
593,0.0,1.0,0.0,0.5853229454636844,0.0,0.0,0.014151057562208049,0.0
594,0.0,1.0,1.0,0.4735360643377733,0.0,0.3333333333333333,0.015126992566498259,1.0
595,0.0,0.5,0.0,0.4596632319678311,0.125,0.0,0.050748620223090936,0.0
596,0.0,1.0,0.0,0.4470972606182458,0.125,0.16666666666666666,0.04713766070721715,0.0
597,1.0,0.5,1.0,0.39432018094998744,0.0,0.0,0.06441171028315387,0.0
598,0.0,1.0,0.0,0.610454888162855,0.0,0.0,0.0,0.0
599,0.0,1.0,0.0,0.5302940437295802,0.0,0.0,0.014102260811993537,0.5
600,1.0,0.0,0.0,0.610454888162855,0.125,0.0,0.11111839809247648,0.5
601,1.0,0.5,1.0,0.2963056044232219,0.25,0.16666666666666666,0.05270049023167135,0.0
602,0.0,1.0,0.0,0.4740507665242524,0.0,0.0,0.015411575213749284,0.0
603,0.0,0.0,0.0,0.41894948479517474,0.0,0.0,0.08275928836380983,0.0
604,0.0,1.0,0.0,0.5476250314149284,0.0,0.0,0.015712553569072387,0.0
605,1.0,0.0,0.0,0.43453128926866047,0.0,0.0,0.051822148727810165,0.5
606,0.0,1.0,0.0,0.4470972606182458,0.125,0.0,0.030351578633425542,0.0
607,0.0,1.0,0.0,0.37170143252073384,0.0,0.0,0.015411575213749284,0.0
608,1.0,0.0,0.0,0.33400351847197784,0.0,0.0,0.05953203526170282,0.0
609,1.0,0.5,1.0,0.2711736617240513,0.125,0.3333333333333333,0.08115719346076702,0.5
610,1.0,0.0,1.0,0.4973611460165871,0.0,0.0,0.2995388511917728,0.0
611,0.0,1.0,1.0,0.4847951746670017,0.125,0.8333333333333334,0.06104473451835265,0.0
612,0.0,1.0,0.0,0.419452123649158,0.0,0.0,0.013760683560491965,0.0
613,1.0,1.0,1.0,0.39180698668007036,0.125,0.0,0.030253985132996517,1.0
614,0.0,1.0,0.0,0.393817542096004,0.0,0.0,0.015126992566498259,1.0
615,0.0,1.0,0.0,0.43453128926866047,0.0,0.0,0.015712553569072387,0.0
616,1.0,0.5,1.0,0.2963056044232219,0.125,0.3333333333333333,0.12687155055772734,0.0
617,0.0,1.0,0.0,0.42196531791907516,0.125,0.16666666666666666,0.028106928123558056,0.0
618,0.0,1.0,1.0,0.32143754712239253,0.125,0.0,0.031425107138144774,0.0
619,1.0,0.5,1.0,0.04498617743151546,0.25,0.16666666666666666,0.0761229303346364,0.0
620,0.0,0.5,0.0,0.32143754712239253,0.0,0.0,0.020494635090094415,0.0
621,0.0,1.0,0.0,0.33400351847197784,0.125,0.0,0.028212719478023115,0.5
622,1.0,0.0,0.0,0.5224930887157577,0.125,0.0,0.10257896680493714,0.0
623,1.0,1.0,0.0,0.24604171902488062,0.125,0.16666666666666666,0.030725752114070404,0.5
624,0.0,1.0,0.0,0.2586076903744659,0.0,0.0,0.015330377421392339,0.0
625,0.0,1.0,0.0,0.2586076903744659,0.0,0.0,0.031425107138144774,0.0
626,0.0,0.0,0.0,0.7612465443578789,0.0,0.0,0.06308600017332605,0.0
627,0.0,0.5,0.0,0.7109826589595376,0.0,0.0,0.024105594605968193,1.0
628,1.0,0.0,1.0,0.2586076903744659,0.0,0.0,0.15216446768991498,0.0
629,0.0,1.0,0.0,0.32143754712239253,0.0,0.0,0.015411575213749284,0.0
630,0.0,1.0,0.0,0.4646896205076652,0.0,0.0,0.015094396337354966,1.0
631,1.0,0.0,0.0,1.0,0.0,0.0,0.05855610025741261,0.0
632,0.0,1.0,0.0,0.6355868308620256,0.0,0.0,0.013768881414528002,0.0
633,1.0,0.0,0.0,0.39683337521990447,0.0,0.0,0.05953203526170282,0.5
634,0.0,0.0,0.0,0.4129178185473737,0.0,0.0,0.0,0.0
635,0.0,1.0,1.0,0.10781603417944208,0.375,0.3333333333333333,0.05445717323939373,0.0
636,1.0,0.5,1.0,0.3465694898215632,0.0,0.0,0.025374310111545468,0.0
637,0.0,1.0,0.0,0.39683337521990447,0.0,0.0,0.015468569817999833,0.0
638,0.0,0.5,0.0,0.38426740387031916,0.125,0.16666666666666666,0.05123658772523604,0.0
639,0.0,1.0,1.0,0.5099271173661724,0.0,0.8333333333333334,0.07746484096553544,0.0
640,0.0,1.0,0.0,0.27557175169640613,0.125,0.0,0.031425107138144774,0.0
641,0.0,1.0,0.0,0.24604171902488062,0.0,0.0,0.015330377421392339,0.0
642,1.0,0.0,1.0,0.2963056044232219,0.0,0.0,0.13526459159462315,0.5
643,0.0,1.0,1.0,0.01985423473234481,0.375,0.3333333333333333,0.05445717323939373,0.0
644,1.0,1.0,0.0,0.4797687861271676,0.0,0.0,0.11027245763075773,0.0
645,1.0,1.0,1.0,0.004146770545363157,0.25,0.16666666666666666,0.03758969818624431,0.5
646,1.0,0.0,0.0,0.5978889168132696,0.125,0.0,0.1497654242623688,0.5
647,0.0,1.0,0.0,0.23347574767529528,0.0,0.0,0.015411575213749284,0.0
648,1.0,0.0,0.0,0.6984166876099522,0.0,0.0,0.06929138530460492,0.5
649,0.0,1.0,0.0,0.24855491329479767,0.0,0.0,0.014736618564782174,0.0
650,1.0,1.0,1.0,0.2837396330736366,0.0,0.0,0.014736618564782174,0.0
651,0.0,1.0,0.0,0.24905755214878111,0.0,0.0,0.015411575213749284,0.0
652,1.0,0.5,1.0,0.22090977632570996,0.0,0.16666666666666666,0.04489301019734967,0.0
653,0.0,1.0,0.0,0.2586076903744659,0.0,0.0,0.01646070534336126,0.0
654,1.0,1.0,1.0,0.2521739130434783,0.0,0.0,0.015281580671177828,1.0
655,0.0,1.0,1.0,0.22090977632570996,0.0,0.0,0.013175122557917838,1.0
656,0.0,0.5,0.0,0.2963056044232219,0.25,0.0,0.1434624456306609,0.0
657,0.0,1.0,0.0,0.30255843176677555,0.0,0.0,0.015411575213749284,0.0
658,0.0,1.0,1.0,0.39683337521990447,0.125,0.16666666666666666,0.030253985132996517,1.0
659,0.0,0.5,0.0,0.2837396330736366,0.0,0.0,0.025374310111545468,0.0
660,0.0,0.0,0.0,0.7235486303091229,0.0,0.3333333333333333,0.22109807522194713,0.5
661,1.0,0.0,0.0,0.6230208595124404,0.25,0.0,0.2608674266467732,0.0
662,0.0,1.0,0.0,0.4973611460165871,0.0,0.0,0.014102260811993537,0.5
663,0.0,0.0,0.0,0.5853229454636844,0.0,0.0,0.04994347384455151,0.0
664,0.0,1.0,0.0,0.4470972606182458,0.0,0.0,0.014630827210317115,0.0
665,1.0,1.0,0.0,0.24604171902488062,0.125,0.0,0.015468569817999833,0.0
666,0.0,0.5,0.0,0.39683337521990447,0.25,0.0,0.1434624456306609,0.0
667,0.0,0.5,0.0,0.3088715757728072,0.0,0.0,0.025374310111545468,0.0
668,0.0,1.0,0.0,0.48228198039708464,0.0,0.0,0.015175789316712771,0.0
669,0.0,1.0,0.0,0.5350590600653431,0.0,0.0,0.015712553569072387,0.0
670,1.0,0.0,1.0,0.37924101533048504,0.125,0.0,0.10149724044618187,0.0
671,1.0,0.5,1.0,0.4973611460165871,0.125,0.16666666666666666,0.0761229303346364,0.0
672,0.0,0.0,0.0,0.38426740387031916,0.125,0.0,0.10149724044618187,0.0
673,0.0,0.5,0.0,0.8743402865041467,0.0,0.0,0.020494635090094415,0.0
674,1.0,0.5,0.0,0.38426740387031916,0.0,0.0,0.025374310111545468,0.0
675,0.0,0.5,0.0,0.35234983664237246,0.0,0.0,0.0,0.0
676,0.0,1.0,0.0,0.22090977632570996,0.0,0.0,0.015175789316712771,0.0
677,0.0,1.0,0.0,0.3025885900980146,0.0,0.0,0.015712553569072387,0.0
678,1.0,1.0,1.0,0.22090977632570996,0.0,0.0,0.019209719063445922,0.0
679,0.0,1.0,1.0,0.5350590600653431,0.125,1.0,0.09154270340242172,0.0
680,1.0,0.0,0.0,0.4470972606182458,0.0,0.16666666666666666,1.0,0.5
681,0.0,1.0,1.0,0.24478512188992205,0.0,0.0,0.01588334219482317,1.0
682,1.0,0.0,0.0,0.33400351847197784,0.0,0.0,0.1497654242623688,0.5
683,0.0,1.0,0.0,0.24604171902488062,0.0,0.0,0.01800600082915438,0.0
684,0.0,1.0,0.0,0.17064589092736868,0.625,0.3333333333333333,0.09154270340242172,0.0
685,0.0,0.5,0.0,0.7486805730082935,0.125,0.16666666666666666,0.0761229303346364,0.0
686,0.0,0.5,0.0,0.3088715757728072,0.125,0.3333333333333333,0.08115719346076702,0.5
687,0.0,1.0,0.0,0.17064589092736868,0.5,0.16666666666666666,0.07746484096553544,0.0
688,0.0,1.0,0.0,0.23347574767529528,0.0,0.0,0.019852079483269742,0.0
689,0.0,1.0,0.0,0.22090977632570996,0.0,0.0,0.015216388212891242,0.0
690,1.0,0.0,1.0,0.18321186227695402,0.0,0.16666666666666666,0.41250332793836464,0.0
691,1.0,0.0,0.0,0.38426740387031916,0.125,0.0,0.11125659048908397,0.0
692,1.0,1.0,1.0,0.04498617743151546,0.0,0.16666666666666666,0.026187654344120927,0.5
693,1.0,1.0,0.0,0.31389796431264133,0.0,0.0,0.11027245763075773,0.0
694,0.0,1.0,0.0,0.3088715757728072,0.0,0.0,0.014102260811993537,0.5
695,0.0,0.0,0.0,0.7486805730082935,0.0,0.0,0.051822148727810165,0.0
696,0.0,0.5,0.0,0.648152802211611,0.0,0.0,0.026350245115835676,0.0
697,0.0,1.0,0.0,0.5476250314149284,0.0,0.0,0.015712553569072387,0.0
698,1.0,1.0,1.0,0.4672028147775823,0.0,0.0,0.015094396337354966,1.0
699,0.0,0.0,0.0,0.610454888162855,0.125,0.16666666666666666,0.21642978772242535,0.5
700,0.0,1.0,0.0,0.5224930887157577,0.0,0.0,0.014931805565640218,0.0
701,1.0,0.0,1.0,0.22090977632570996,0.125,0.0,0.4440992237022602,0.5
702,1.0,0.0,0.0,0.43453128926866047,0.0,0.0,0.05130978285055781,0.0
703,0.0,1.0,1.0,0.22090977632570996,0.0,0.16666666666666666,0.028212719478023115,0.5
704,0.0,1.0,0.0,0.3088715757728072,0.0,0.0,0.01511079204542704,1.0
705,0.0,1.0,0.0,0.32143754712239253,0.125,0.0,0.015330377421392339,0.0
706,0.0,0.5,0.0,0.4847951746670017,0.0,0.0,0.050748620223090936,0.0
707,1.0,0.5,1.0,0.5601910027645137,0.0,0.0,0.026350245115835676,0.0
708,1.0,0.0,0.0,0.5224930887157577,0.0,0.0,0.05130978285055781,0.0
709,1.0,0.0,1.0,0.2711736617240513,0.0,0.0,0.29580589980036276,0.0
710,1.0,1.0,0.0,0.42196531791907516,0.125,0.16666666666666666,0.029757819776815374,0.5
711,1.0,0.0,1.0,0.2963056044232219,0.0,0.0,0.09662576327876685,0.5
712,0.0,0.0,0.0,0.38678059814023624,0.0,0.0,0.051822148727810165,0.0
713,1.0,0.0,0.0,0.5978889168132696,0.125,0.0,0.10149724044618187,0.0
714,0.0,1.0,0.0,0.35913546117114853,0.0,0.0,0.018510168852370702,0.0
715,0.0,0.5,0.0,0.648152802211611,0.0,0.0,0.025374310111545468,0.0
716,0.0,1.0,0.0,0.23347574767529528,0.0,0.0,0.014931805565640218,0.0
717,1.0,0.0,1.0,0.4722292033174164,0.0,0.0,0.4440992237022602,0.5
718,1.0,0.5,1.0,0.33400351847197784,0.0,0.0,0.020494635090094415,0.0
719,0.0,1.0,0.0,0.48730836893691887,0.0,0.0,0.030253985132996517,1.0
720,0.0,1.0,0.0,0.4093993465694898,0.0,0.0,0.015175789316712771,0.0
721,1.0,0.5,1.0,0.0701181201306861,0.0,0.16666666666666666,0.06441171028315387,0.0
722,0.0,1.0,0.0,0.20834380497612465,0.125,0.0,0.013768881414528002,0.0
723,0.0,0.5,0.0,0.42196531791907516,0.0,0.0,0.025374310111545468,0.0
724,0.0,0.5,0.0,0.6230208595124404,0.0,0.0,0.025374310111545468,0.0
725,1.0,0.0,0.0,0.33400351847197784,0.125,0.0,0.10364429745562033,0.0
726,0.0,1.0,0.0,0.24604171902488062,0.0,0.0,0.016908073949327893,0.0
727,1.0,0.5,1.0,0.37170143252073384,0.375,0.0,0.04098927018018883,0.0
728,1.0,1.0,1.0,0.36164865544106556,0.0,0.0,0.015102594191391002,1.0
729,0.0,0.5,0.0,0.3088715757728072,0.125,0.0,0.050748620223090936,0.0
730,0.0,1.0,1.0,0.3088715757728072,0.125,0.0,0.015468569817999833,0.0
731,1.0,0.0,1.0,0.35913546117114853,0.0,0.0,0.41250332793836464,0.0
732,0.0,1.0,0.0,0.13294797687861273,0.0,0.0,0.036670757786204655,0.5
733,0.0,0.5,0.0,0.28172907765770294,0.0,0.0,0.0,0.0
734,0.0,0.5,0.0,0.2837396330736366,0.0,0.0,0.025374310111545468,0.0
735,0.0,0.5,0.0,0.2837396330736366,0.0,0.0,0.025374310111545468,0.0
736,0.0,1.0,0.0,0.35285247549635584,0.0,0.0,0.031425107138144774,0.0
737,0.0,1.0,1.0,0.5978889168132696,0.125,0.5,0.06709553154495196,0.0
738,1.0,0.0,0.0,0.43453128926866047,0.0,0.0,1.0,0.5
739,0.0,1.0,0.0,0.3226941442573511,0.0,0.0,0.015411575213749284,0.0
740,0.0,1.0,0.0,0.3254586579542599,0.0,0.0,0.015411575213749284,0.0
741,1.0,0.0,0.0,0.2887660216134707,0.0,0.0,0.05855610025741261,0.0
742,0.0,0.0,0.0,0.4470972606182458,0.125,0.0,0.15390495017656614,0.0
743,1.0,0.0,1.0,0.2586076903744659,0.25,0.3333333333333333,0.5121218935012878,0.5
744,0.0,1.0,0.0,0.2963056044232219,0.125,0.0,0.031425107138144774,0.0
745,1.0,1.0,0.0,0.38426740387031916,0.0,0.0,0.015468569817999833,0.0
746,0.0,0.0,0.0,0.8743402865041467,0.125,0.16666666666666666,0.13858277060920984,0.0
747,0.0,1.0,0.0,0.19577783362653933,0.125,0.16666666666666666,0.03952536767375352,0.0
748,1.0,0.5,1.0,0.37170143252073384,0.0,0.0,0.025374310111545468,0.0
749,0.0,0.0,0.0,0.23347574767529528,0.125,0.0,0.10364429745562033,0.0
750,0.0,1.0,0.0,0.38426740387031916,0.0,0.0,0.015126992566498259,1.0
751,1.0,0.5,1.0,0.04498617743151546,0.125,0.16666666666666666,0.04489301019734967,0.0
752,1.0,1.0,0.0,0.0701181201306861,0.0,0.16666666666666666,0.024349578357040744,0.0
753,0.0,1.0,0.0,0.4093993465694898,0.0,0.0,0.018542765081513996,0.0
754,0.0,1.0,0.0,0.2837396330736366,0.0,0.0,0.015411575213749284,0.0
755,1.0,0.5,1.0,0.5978889168132696,0.125,0.3333333333333333,0.12687155055772734,0.0
756,1.0,0.5,0.0,0.0031414928373963316,0.125,0.16666666666666666,0.028302115124416098,0.0
757,0.0,1.0,0.0,0.3465694898215632,0.0,0.0,0.015216388212891242,0.0
758,0.0,0.5,0.0,0.22090977632570996,0.0,0.0,0.022446505098674834,0.0
759,0.0,1.0,0.0,0.42196531791907516,0.0,0.0,0.015712553569072387,0.0
760,1.0,0.0,1.0,0.4093993465694898,0.0,0.0,0.16883675574220638,0.0
761,0.0,1.0,0.0,0.2803970846946469,0.0,0.0,0.028302115124416098,0.0
762,0.0,1.0,0.0,0.5099271173661724,0.0,0.0,0.013907073811135496,0.0
763,1.0,1.0,0.0,0.24604171902488062,0.0,0.0,0.014110458666029575,0.5
764,1.0,0.0,1.0,0.4470972606182458,0.125,0.3333333333333333,0.23422440102965045,0.0
765,0.0,1.0,0.0,0.19577783362653933,0.0,0.0,0.015175789316712771,0.0
766,1.0,0.0,1.0,0.6355868308620256,0.125,0.0,0.15216446768991498,0.0
767,0.0,0.0,0.0,0.3038451872329731,0.0,0.0,0.07729405233978466,0.5
768,0.0,1.0,1.0,0.37798441819552653,0.0,0.0,0.015126992566498259,1.0
769,0.0,1.0,0.0,0.4037044483538578,0.125,0.0,0.04713766070721715,1.0
770,0.0,1.0,0.0,0.39683337521990447,0.0,0.0,0.016322512946753766,0.0
771,0.0,1.0,0.0,0.2963056044232219,0.0,0.0,0.018542765081513996,0.0
772,0.0,1.0,0.0,0.5978889168132696,0.0,0.0,0.015330377421392339,0.0
773,0.0,0.5,1.0,0.7109826589595376,0.0,0.0,0.020494635090094415,0.0
774,0.0,1.0,0.0,0.4445840663483287,0.0,0.0,0.014102260811993537,0.5
775,1.0,0.5,1.0,0.6732847449107816,0.125,0.5,0.04489301019734967,0.0
776,0.0,1.0,0.0,0.22090977632570996,0.0,0.0,0.015126992566498259,0.0
777,0.0,1.0,0.0,0.2958029655692385,0.0,0.0,0.015126992566498259,1.0
778,1.0,1.0,1.0,0.05755214878110078,0.0,0.0,0.024349578357040744,0.0
779,0.0,1.0,0.0,0.23538577532043223,0.0,0.0,0.015102594191391002,1.0
780,1.0,0.0,1.0,0.5350590600653431,0.0,0.16666666666666666,0.41250332793836464,0.0
781,1.0,1.0,1.0,0.15807991957778336,0.0,0.0,0.014110458666029575,0.5
782,1.0,0.0,1.0,0.20834380497612465,0.125,0.0,0.11125659048908397,0.0
783,0.0,0.0,0.0,0.35913546117114853,0.0,0.0,0.05855610025741261,0.0
784,0.0,1.0,0.0,0.26614727318421716,0.125,0.3333333333333333,0.04577135170121086,0.0
785,0.0,1.0,0.0,0.3088715757728072,0.0,0.0,0.013760683560491965,0.0
786,0.0,1.0,0.0,0.3088715757728072,0.0,0.0,0.014151057562208049,0.0
787,1.0,1.0,1.0,0.22090977632570996,0.0,0.0,0.014630827210317115,0.0
788,0.0,1.0,0.0,0.09525006282985675,0.5,0.16666666666666666,0.056848213999904744,1.0
789,1.0,1.0,0.0,0.007288263382759489,0.125,0.3333333333333333,0.04015972542654215,0.0
790,0.0,0.0,0.0,0.572756974114099,0.0,0.0,0.15458810467956932,0.5
791,0.0,1.0,0.0,0.3063583815028902,0.0,0.0,0.015126992566498259,1.0
792,0.0,0.5,0.0,0.19577783362653933,0.0,0.0,0.050748620223090936,0.0
793,0.0,1.0,1.0,0.49484795174666996,1.0,0.3333333333333333,0.13575255909676823,0.0
794,0.0,0.0,0.0,0.3314903242020608,0.0,0.0,0.05991421140938287,0.5
795,0.0,1.0,0.0,0.3088715757728072,0.0,0.0,0.015411575213749284,0.0
796,0.0,0.5,0.0,0.4847951746670017,0.0,0.0,0.025374310111545468,0.0
797,1.0,0.0,1.0,0.610454888162855,0.0,0.0,0.050610427826483444,0.0
798,1.0,1.0,1.0,0.38426740387031916,0.0,0.0,0.016948672845506364,0.0
799,0.0,1.0,0.0,0.37170143252073384,0.0,0.0,0.014110458666029575,0.5
800,0.0,1.0,1.0,0.37170143252073384,0.125,0.16666666666666666,0.04713766070721715,0.0
801,0.0,0.5,0.0,0.42196531791907516,0.0,0.0,0.025374310111545468,0.0
802,1.0,0.5,1.0,0.38426740387031916,0.125,0.16666666666666666,0.05123658772523604,0.0
803,1.0,0.0,0.0,0.13294797687861273,0.125,0.3333333333333333,0.23422440102965045,0.0
804,1.0,1.0,0.0,0.0,0.0,0.16666666666666666,0.016623491302076868,0.5
805,1.0,1.0,0.0,0.33400351847197784,0.0,0.0,0.013614293309848433,0.0
806,0.0,1.0,0.0,0.38426740387031916,0.0,0.0,0.015175789316712771,0.0
807,0.0,0.0,0.0,0.4847951746670017,0.0,0.0,0.0,0.0
808,0.0,1.0,1.0,0.22090977632570996,0.0,0.0,0.015175789316712771,0.0
809,0.0,0.5,0.0,0.4847951746670017,0.0,0.0,0.025374310111545468,0.0
810,1.0,0.0,1.0,0.4093993465694898,0.125,0.0,0.10364429745562033,0.0
811,0.0,1.0,0.0,0.32143754712239253,0.0,0.0,0.015395374692678068,0.0
812,0.0,1.0,0.0,0.4847951746670017,0.0,0.0,0.04713766070721715,0.0
813,0.0,0.5,0.0,0.43453128926866047,0.0,0.0,0.020494635090094415,0.0
814,0.0,1.0,1.0,0.0701181201306861,0.5,0.3333333333333333,0.06104473451835265,0.0
815,0.0,1.0,0.0,0.37798441819552653,0.0,0.0,0.015712553569072387,0.0
816,0.0,0.0,0.0,0.43076149786378487,0.0,0.0,0.0,0.0
817,0.0,1.0,1.0,0.2837396330736366,0.0,0.0,0.015468569817999833,0.0
818,0.0,0.5,0.0,0.38426740387031916,0.125,0.16666666666666666,0.07222738817151159,0.5
819,0.0,1.0,0.0,0.5350590600653431,0.0,0.0,0.012589561555343713,0.0
820,0.0,1.0,0.0,0.12038200552902739,0.375,0.3333333333333333,0.05445717323939373,0.0
821,1.0,0.0,1.0,0.648152802211611,0.125,0.16666666666666666,0.18249984580226933,0.0
822,1.0,1.0,0.0,0.33400351847197784,0.0,0.0,0.016908073949327893,0.0
823,0.0,0.0,0.0,0.4722292033174164,0.0,0.0,0.0,0.0
824,1.0,1.0,1.0,0.33400351847197784,0.0,0.16666666666666666,0.024349578357040744,0.0
825,0.0,1.0,0.0,0.01985423473234481,0.5,0.16666666666666666,0.07746484096553544,0.0
826,0.0,1.0,0.0,0.39180698668007036,0.0,0.0,0.013565496559633922,1.0
827,0.0,1.0,0.0,0.24352852475496356,0.0,0.0,0.11027245763075773,0.0
828,1.0,0.5,0.0,0.007288263382759489,0.0,0.3333333333333333,0.07222738817151159,0.5
829,1.0,1.0,0.0,0.2827343553656697,0.0,0.0,0.015126992566498259,1.0
830,1.0,0.0,1.0,0.7738125157074642,0.0,0.0,0.15614960068643363,0.0
831,1.0,1.0,1.0,0.18321186227695402,0.125,0.0,0.028212719478023115,0.5
832,1.0,0.5,0.0,0.005152048253329982,0.125,0.16666666666666666,0.03659756266088288,0.0
833,0.0,1.0,0.0,0.28755968836391055,0.0,0.0,0.014110458666029575,0.5
834,0.0,1.0,0.0,0.2837396330736366,0.0,0.0,0.015330377421392339,0.0
835,0.0,1.0,0.0,0.22090977632570996,0.0,0.0,0.016200521071217493,0.0
836,1.0,0.0,1.0,0.4847951746670017,0.125,0.16666666666666666,0.16231419173453318,0.5
837,0.0,1.0,0.0,0.2586076903744659,0.0,0.0,0.016908073949327893,0.0
838,0.0,1.0,0.0,0.2410153304850465,0.0,0.0,0.015712553569072387,0.0
839,1.0,1.0,0.0,0.39683337521990447,0.0,0.0,0.11027245763075773,0.0
840,1.0,0.0,0.0,0.1551394822819804,0.0,0.0,0.057970539254838485,0.5
841,0.0,1.0,0.0,0.24604171902488062,0.0,0.0,0.015468569817999833,0.0
842,0.0,0.5,0.0,0.19577783362653933,0.0,0.0,0.020494635090094415,0.0
843,1.0,0.0,1.0,0.37170143252073384,0.0,0.0,0.060507970265993034,0.5
844,0.0,1.0,0.0,0.4282483035938678,0.0,0.0,0.012565163180236457,0.5
845,0.0,1.0,0.0,0.20834380497612465,0.0,0.0,0.016908073949327893,0.0
846,0.0,1.0,0.0,0.5224930887157577,0.0,0.0,0.014736618564782174,0.0
847,0.0,1.0,0.0,0.4566473988439307,1.0,0.3333333333333333,0.13575255909676823,0.0
848,0.0,1.0,0.0,0.43453128926866047,0.0,0.0,0.015411575213749284,0.5
849,0.0,0.5,0.0,0.3465694898215632,0.0,0.16666666666666666,0.06441171028315387,0.0
850,1.0,0.0,1.0,0.612364915807992,0.125,0.0,0.17391981561855152,0.5
851,0.0,1.0,0.0,0.04498617743151546,0.5,0.3333333333333333,0.06104473451835265,0.0
852,0.0,1.0,0.0,0.9246041719024881,0.0,0.0,0.015175789316712771,0.0
853,0.0,1.0,1.0,0.10781603417944208,0.125,0.16666666666666666,0.029757819776815374,0.5
854,1.0,0.0,1.0,0.19577783362653933,0.0,0.16666666666666666,0.07690367833806856,0.0
855,0.0,0.5,1.0,0.5476250314149284,0.125,0.0,0.050748620223090936,0.0
856,1.0,1.0,1.0,0.22090977632570996,0.0,0.16666666666666666,0.01824998458022693,0.0
857,1.0,0.0,1.0,0.5601910027645137,0.125,0.16666666666666666,0.32179836714362564,0.0
858,1.0,0.0,0.0,0.6355868308620256,0.0,0.0,0.051822148727810165,0.0
859,1.0,1.0,1.0,0.2963056044232219,0.0,0.5,0.03758969818624431,0.5
860,0.0,1.0,0.0,0.44207087207841167,0.0,0.0,0.014110458666029575,0.5
861,0.0,1.0,0.0,0.5099271173661724,0.25,0.0,0.027537567642055148,0.0
862,0.0,0.5,0.0,0.2586076903744659,0.125,0.0,0.022446505098674834,0.0
863,1.0,0.0,1.0,0.5978889168132696,0.0,0.0,0.050610427826483444,0.0
864,0.0,1.0,1.0,0.5474038703191756,1.0,0.3333333333333333,0.13575255909676823,0.0
865,0.0,0.5,0.0,0.2963056044232219,0.0,0.0,0.025374310111545468,0.0
866,1.0,0.5,1.0,0.5224930887157577,0.0,0.0,0.025374310111545468,0.0
867,1.0,0.5,1.0,0.33400351847197784,0.125,0.0,0.027049600139910042,0.5
868,0.0,0.0,0.0,0.38426740387031916,0.0,0.0,0.09856123757927521,0.0
869,0.0,1.0,0.0,0.36164865544106556,0.0,0.0,0.018542765081513996,0.0
870,1.0,1.0,0.0,0.04498617743151546,0.125,0.16666666666666666,0.021730754366528396,0.0
871,0.0,1.0,0.0,0.32143754712239253,0.0,0.0,0.015411575213749284,0.0
872,1.0,0.0,1.0,0.5853229454636844,0.125,0.16666666666666666,0.10257896680493714,0.0
873,0.0,0.0,0.0,0.4093993465694898,0.0,0.0,0.009759350042902102,0.0
874,0.0,1.0,0.0,0.5853229454636844,0.0,0.0,0.017566830077223785,0.0
875,1.0,0.5,1.0,0.3465694898215632,0.125,0.0,0.04684488020593009,0.5
876,1.0,1.0,1.0,0.18321186227695402,0.0,0.0,0.014102260811993537,0.5
877,0.0,1.0,0.0,0.24604171902488062,0.0,0.0,0.019217721730481106,0.0
878,0.0,1.0,0.0,0.23347574767529528,0.0,0.0,0.015411575213749284,0.0
879,0.0,1.0,0.0,0.2686604674541342,0.0,0.0,0.015411575213749284,0.0
880,1.0,0.0,1.0,0.6984166876099522,0.0,0.16666666666666666,0.16231419173453318,0.5
881,1.0,0.5,1.0,0.3088715757728072,0.0,0.16666666666666666,0.050748620223090936,0.0
882,0.0,1.0,0.0,0.4093993465694898,0.0,0.0,0.015411575213749284,0.0
883,0.0,1.0,1.0,0.2711736617240513,0.0,0.0,0.02052723131923771,0.0
884,0.0,0.5,0.0,0.3465694898215632,0.0,0.0,0.020494635090094415,0.0
885,0.0,1.0,0.0,0.3088715757728072,0.0,0.0,0.013760683560491965,0.0
886,0.0,1.0,1.0,0.4847951746670017,0.0,0.8333333333333334,0.056848213999904744,1.0
887,0.0,0.5,0.0,0.33400351847197784,0.0,0.0,0.025374310111545468,0.0
888,1.0,0.0,1.0,0.23347574767529528,0.0,0.0,0.05855610025741261,0.0
889,0.0,1.0,1.0,0.33651671274189493,0.125,0.3333333333333333,0.04577135170121086,0.0
890,1.0,0.0,0.0,0.32143754712239253,0.0,0.0,0.05855610025741261,0.5
891,0.0,1.0,0.0,0.39683337521990447,0.0,0.0,0.015126992566498259,1.0
